Workbook

Sheet Summary
A1: Buck Hub — MVP Backlog Summary
A2: Counts pull live from the MVP Backlog sheet (edit there; totals refresh on open/recalc).
A4: Module | B4: Stories | C4: Must | D4: Should | E4: Done | F4: % Done
A5: Authentication & Onboarding | B5: =COUNTIF('MVP Backlog'!$B:$B,$A5) | C5: =COUNTIFS('MVP Backlog'!$B:$B,$A5,'MVP Backlog'!$D:$D,"Must") | D5: =COUNTIFS('MVP Backlog'!$B:$B,$A5,'MVP Backlog'!$D:$D,"Should") | E5: =COUNTIFS('MVP Backlog'!$B:$B,$A5,'MVP Backlog'!$F:$F,"Done") | F5: =IFERROR(E5/B5,0)
A6: Subscription & Billing | B6: =COUNTIF('MVP Backlog'!$B:$B,$A6) | C6: =COUNTIFS('MVP Backlog'!$B:$B,$A6,'MVP Backlog'!$D:$D,"Must") | D6: =COUNTIFS('MVP Backlog'!$B:$B,$A6,'MVP Backlog'!$D:$D,"Should") | E6: =COUNTIFS('MVP Backlog'!$B:$B,$A6,'MVP Backlog'!$F:$F,"Done") | F6: =IFERROR(E6/B6,0)
A7: Inventory Management | B7: =COUNTIF('MVP Backlog'!$B:$B,$A7) | C7: =COUNTIFS('MVP Backlog'!$B:$B,$A7,'MVP Backlog'!$D:$D,"Must") | D7: =COUNTIFS('MVP Backlog'!$B:$B,$A7,'MVP Backlog'!$D:$D,"Should") | E7: =COUNTIFS('MVP Backlog'!$B:$B,$A7,'MVP Backlog'!$F:$F,"Done") | F7: =IFERROR(E7/B7,0)
A8: Media Management | B8: =COUNTIF('MVP Backlog'!$B:$B,$A8) | C8: =COUNTIFS('MVP Backlog'!$B:$B,$A8,'MVP Backlog'!$D:$D,"Must") | D8: =COUNTIFS('MVP Backlog'!$B:$B,$A8,'MVP Backlog'!$D:$D,"Should") | E8: =COUNTIFS('MVP Backlog'!$B:$B,$A8,'MVP Backlog'!$F:$F,"Done") | F8: =IFERROR(E8/B8,0)
A9: Dashboard & Notifications | B9: =COUNTIF('MVP Backlog'!$B:$B,$A9) | C9: =COUNTIFS('MVP Backlog'!$B:$B,$A9,'MVP Backlog'!$D:$D,"Must") | D9: =COUNTIFS('MVP Backlog'!$B:$B,$A9,'MVP Backlog'!$D:$D,"Should") | E9: =COUNTIFS('MVP Backlog'!$B:$B,$A9,'MVP Backlog'!$F:$F,"Done") | F9: =IFERROR(E9/B9,0)
A10: Events & Competitions | B10: =COUNTIF('MVP Backlog'!$B:$B,$A10) | C10: =COUNTIFS('MVP Backlog'!$B:$B,$A10,'MVP Backlog'!$D:$D,"Must") | D10: =COUNTIFS('MVP Backlog'!$B:$B,$A10,'MVP Backlog'!$D:$D,"Should") | E10: =COUNTIFS('MVP Backlog'!$B:$B,$A10,'MVP Backlog'!$F:$F,"Done") | F10: =IFERROR(E10/B10,0)
A11: Settings & Configuration | B11: =COUNTIF('MVP Backlog'!$B:$B,$A11) | C11: =COUNTIFS('MVP Backlog'!$B:$B,$A11,'MVP Backlog'!$D:$D,"Must") | D11: =COUNTIFS('MVP Backlog'!$B:$B,$A11,'MVP Backlog'!$D:$D,"Should") | E11: =COUNTIFS('MVP Backlog'!$B:$B,$A11,'MVP Backlog'!$F:$F,"Done") | F11: =IFERROR(E11/B11,0)
A12: TOTAL | B12: =SUM(B5:B11) | C12: =SUM(C5:C11) | D12: =SUM(D5:D11) | E12: =SUM(E5:E11) | F12: =IFERROR(E12/B12,0)
A14: By status (board columns)
A15: To Do | B15: =COUNTIF('MVP Backlog'!$F:$F,$A15)
A16: In Progress | B16: =COUNTIF('MVP Backlog'!$F:$F,$A16)
A17: In Review | B17: =COUNTIF('MVP Backlog'!$F:$F,$A17)
A18: Blocked | B18: =COUNTIF('MVP Backlog'!$F:$F,$A18)
A19: Done | B19: =COUNTIF('MVP Backlog'!$F:$F,$A19)

Sheet MVP Backlog
A1: PRD ID | B1: Module | C1: Epic | D1: MoSCoW | E1: Priority | F1: Status | G1: User Story | H1: Estimate (pts) | I1: Assignee | J1: Sprint | K1: Notes
A2: S1 | B2: Authentication & Onboarding | C2: 1.A Account Access | D2: Must | E2: High | F2: To Do | G2: As a new user, I want to create an account with my email and a password, so that I can start using the product.
A3: S2 | B3: Authentication & Onboarding | C3: 1.A Account Access | D3: Must | E3: High | F3: To Do | G3: As a returning user, I want to log in and log out reliably on web and mobile, so that my data stays protected.
A4: S3 | B4: Authentication & Onboarding | C4: 1.A Account Access | D4: Must | E4: High | F4: To Do | G4: As a user, I want to sign up or log in with my Google account, so that I don't have to manage another password.
A5: S4 | B5: Authentication & Onboarding | C5: 1.A Account Access | D5: Must | E5: High | F5: To Do | G5: As a user, I want to reset my password if I forget it, so that I'm never locked out.
A6: S5 | B6: Authentication & Onboarding | C6: 1.A Account Access | D6: Must | E6: High | F6: To Do | G6: As a user, I want my session to stay stable across normal daily use, so that I'm not repeatedly logged out in the field.
A7: S101 | B7: Authentication & Onboarding | C7: 1.A Account Access | D7: Must | E7: High | F7: To Do | G7: As a user, I want to sign up or log in with my Apple account, so that I have a native option on iOS.
A8: S6 | B8: Authentication & Onboarding | C8: 1.A Account Access | D8: Should | E8: Medium | F8: To Do | G8: As a user, I want a "Remember me" option on login, so that I stay signed in on my own device.
A9: S102 | B9: Authentication & Onboarding | C9: 1.A Account Access | D9: Should | E9: Medium | F9: To Do | G9: As a new user, I want to confirm my email with a one-time code after signing up, so that my account is verified.
A10: S9 | B10: Authentication & Onboarding | C10: 1.B Operation Setup Wizard | D10: Must | E10: High | F10: To Do | G10: As a new Owner/Rancher, I want a short setup step asking my name, ranch/organization, and state (phone optional), so that the product is set up the right way for me.
A11: S10 | B11: Authentication & Onboarding | C11: 1.B Operation Setup Wizard | D11: Must | E11: High | F11: To Do | G11: As a new user, I want the setup to be a clear, numbered, multi-step flow (plan → operation → inventory) with visible progress, so that I always know how far along I am.
A12: S11 | B12: Authentication & Onboarding | C12: 1.B Operation Setup Wizard | D12: Must | E12: High | F12: To Do | G12: As a new user, I want a confirmation screen after setup ("You're in!") that summarizes my plan and points me to set up my profile, so that I feel confident the setup worked.
A13: S12 | B13: Authentication & Onboarding | C13: 1.B Operation Setup Wizard | D13: Should | E13: Medium | F13: To Do | G13: As a new user, I want to be told I can add more ranches and locations later, so that I don't feel I must get everything perfect up front.
... A103: S94 | B103: Settings & Configuration | C103: 7.D Subscription Management | D103: Must | E103: High | F103: To Do | G103: As a user, I want to view and change my subscription and payment method from settings, so that I can manage billing in one place.
